,Name,Image,Price,Link
0,Oversized Thin Hoops,https://dto508s2j2p46.cloudfront.net/system/spree/products/6320/product/XLhoops.png?1546532178,275,mejuri.com/shop/products/oversized-thin-hoops
1,Large Hoops,https://dto508s2j2p46.cloudfront.net/system/spree/products/7854/product/large-hoops-cc.png?1559654753,85,mejuri.com/shop/products/large-hoops
2,Between Hoops,https://dto508s2j2p46.cloudfront.net/system/spree/products/7813/product/between-hoops-cc.png?1559245066,65,mejuri.com/shop/products/between-hoops
3,Small Hoops,https://dto508s2j2p46.cloudfront.net/system/spree/products/7879/product/small-hoops-cc.png?1559655859,50,mejuri.com/shop/products/small-hoops
4,Spiral Earrings,https://dto508s2j2p46.cloudfront.net/system/spree/products/9869/product/p52505557_Spiral_Earring_YG_both.png?1574627797,125,mejuri.com/shop/products/spiral-earrings
5,Bold Hoops,https://dto508s2j2p46.cloudfront.net/system/spree/products/10046/product/bold-hoops-cc.png?1574720686,150,mejuri.com/shop/products/bold-hoops
6,Sapphire Twin Hoops,https://dto508s2j2p46.cloudfront.net/system/spree/products/9910/product/sapphier-twin-hoops-cc.png?1574648256,190,mejuri.com/shop/products/sapphire-twin-hoops
7,Twin Hoops,https://dto508s2j2p46.cloudfront.net/system/spree/products/9911/product/twin-hoops-cc.png?1574648289,160,mejuri.com/shop/products/twin-hoops
8,Beaded Hoops,https://dto508s2j2p46.cloudfront.net/system/spree/products/9865/product/p52506267_Beaded_Hoops_YG_both.png?1574627595,140,mejuri.com/shop/products/beaded-hoops-2
9,Turquoise Line Hoops,https://dto508s2j2p46.cloudfront.net/system/spree/products/9880/product/p52705245_Turquoise_Line_Hoops_YG_both.png?1574628543,220,mejuri.com/shop/products/turquoise-line-hoops
10,Editor Hoops,https://dto508s2j2p46.cloudfront.net/system/spree/products/9948/product/editor-hoops-cc.png?1574695978,70,mejuri.com/shop/products/editor-hoops
11,Boyfriend Hoops,https://dto508s2j2p46.cloudfront.net/system/spree/products/9915/product/boyfriend-hoops-cc-v3.png?1574655547,60,mejuri.com/shop/products/boyfriend-hoops
12,Boyfriend Mini Hoops,https://dto508s2j2p46.cloudfront.net/system/spree/products/9993/product/boyfriend-mini-hoops-cc.png?1574701042,50,mejuri.com/shop/products/boyfriend-mini-hoops
13,Dôme Hoops,https://dto508s2j2p46.cloudfront.net/system/spree/products/9997/product/dome-hoops-cc.png?1574701522,60,mejuri.com/shop/products/dome-hoops
14,Croissant Dôme Hoops,https://dto508s2j2p46.cloudfront.net/system/spree/products/9974/product/Croissant_Vermeil_Hoops.png?1574699074,65,mejuri.com/shop/products/croissant-dome-hoops
15,Large Croissant Dome Hoops,https://dto508s2j2p46.cloudfront.net/system/spree/products/10265/product/p52705817_CroissantLargeHoops_V_both.png?1577203347,80,mejuri.com/shop/products/large-croissant-dome-hoops
16,Curve Hoops,https://dto508s2j2p46.cloudfront.net/system/spree/products/10005/product/Curve_Hoops.png?1574706020,55,mejuri.com/shop/products/curve-hoops
17,Midi Hoops,https://dto508s2j2p46.cloudfront.net/system/spree/products/9994/product/midi-hoops-cc.png?1574701136,50,mejuri.com/shop/products/midi-hoops
18,Crescent Midi Hoops,https://dto508s2j2p46.cloudfront.net/system/spree/products/10008/product/Crescent__Midi_Hoops.png?1574709061,65,mejuri.com/shop/products/crescent-midi-hoops
19,Assembly Hoops,https://dto508s2j2p46.cloudfront.net/system/spree/products/9866/product/p52704932_AssemblyHoops_YG_both.png?1574627643,55,mejuri.com/shop/products/assembly-hoops
20,Organic Pearl Hoops,https://dto508s2j2p46.cloudfront.net/system/spree/products/10003/product/organic-pearl-hoops.png?1574704282,75,mejuri.com/shop/products/organic-pearl-hoops
21,Organic Pearl Large Hoops,https://dto508s2j2p46.cloudfront.net/system/spree/products/10004/product/organic-pearl-large-hoops-cc.png?1574704336,75,mejuri.com/shop/products/organic-pearl-large-hoops
22,Organic Pearl Stacked Hoops,https://dto508s2j2p46.cloudfront.net/system/spree/products/9844/product/p52705338_OrganicPearlStackedHoops_YG_both.png?1574621190,60,mejuri.com/shop/products/organic-pearl-stacked-hoops
23,Pearl Hoops,https://dto508s2j2p46.cloudfront.net/system/spree/products/10002/product/pearl-hoops-cc.png?1574704067,60,mejuri.com/shop/products/pearl-hoops
24,Sapphire Hoops,https://dto508s2j2p46.cloudfront.net/system/spree/products/10059/product/p5250409_Sapphire_hoops_YG_both-v4.png?1575928835,60,mejuri.com/shop/products/sapphire-hoops
25,Nova Hoops,https://dto508s2j2p46.cloudfront.net/system/spree/products/9842/product/p525704730_Nova_Hoops_YG_both.png?1574621095,50,mejuri.com/shop/products/nova-hoops
26,Striped Shell Earrings,https://dto508s2j2p46.cloudfront.net/system/spree/products/10029/product/Vermeil_Shell_Earrings.png?1574715742,55,mejuri.com/shop/products/striped-shell-earrings
27,Cauri Shell Earrings,https://dto508s2j2p46.cloudfront.net/system/spree/products/9877/product/p52705201_Cauri_Shell_Earrings_YG_both.png?1574628212,60,mejuri.com/shop/products/cauri-shell-earrings
28,Organic Metal Hoops,https://dto508s2j2p46.cloudfront.net/system/spree/products/10340/product/p52705771_OrganicMetalHoops_V_both.png?1578917168,55,mejuri.com/shop/products/organic-metal-hoops
29,Duo Hoops,https://dto508s2j2p46.cloudfront.net/system/spree/products/10001/product/duo-hoops-cc.png?1574703445,70,mejuri.com/shop/products/duo-hoops
30,Trio Hoops,https://dto508s2j2p46.cloudfront.net/system/spree/products/5774/product/triohoops.png?1540389178,70,mejuri.com/shop/products/trio-hoops
31,Tube Hoops,https://dto508s2j2p46.cloudfront.net/system/spree/products/9448/product/Tube_Hoops_Vermeil.png?1574287591,70,mejuri.com/shop/products/tube-hoops
32,Single Mini Hoop,https://dto508s2j2p46.cloudfront.net/system/spree/products/9850/product/p52704669_Single_Mini_Hoop_YG_both.png?1574621920,30,mejuri.com/shop/products/mini-hoop-2
33,Single Colored Mini Hoop,https://dto508s2j2p46.cloudfront.net/system/spree/products/9835/product/p52705084_Colored_Mini_Hoop_White_Sapphire_YG_both.png?1574620697,60,mejuri.com/shop/products/colored-mini-hoop-white-sapphire
34,Single Diamonds Line Mini Hoop,https://dto508s2j2p46.cloudfront.net/system/spree/products/10044/product/p52705302_Diamonds_Line_Mini_Hoop_YG_side-v2.png?1574718175,175,mejuri.com/shop/products/diamonds-line-mini-hoop
35,Single Tiny Diamond Hoop,https://dto508s2j2p46.cloudfront.net/system/spree/products/9859/product/p52705456_Tiny_diamond_hoop_YG_angle.png?1574627115,130,mejuri.com/shop/products/tiny-diamond-hoop
36,Mini Lotus Studs,https://dto508s2j2p46.cloudfront.net/system/spree/products/9914/product/mini-lotus-studs-cc.png?1574655438,110,mejuri.com/shop/products/mini-lotus-studs
37,Cluster Spheres Studs,https://dto508s2j2p46.cloudfront.net/system/spree/products/9992/product/cluster-spheres-studs-cc.png?1574700781,90,mejuri.com/shop/products/cluster-sphere-studs
38,Sphere Studs,https://dto508s2j2p46.cloudfront.net/system/spree/products/10006/product/sphere-studs-cc.png?1574706714,50,mejuri.com/shop/products/golden-sphere-studs
39,Bold Sphere Studs,https://dto508s2j2p46.cloudfront.net/system/spree/products/10072/product/bold-sphere-studs-cc.png?1574868717,60,mejuri.com/shop/products/bold-sphere-studs
40,Spheres Bar Studs,https://dto508s2j2p46.cloudfront.net/system/spree/products/9813/product/p052579_Bar_Sphere_Studs_YG_both.png?1574618405,90,mejuri.com/shop/products/bar-sphere-studs
41,Bar Studs,https://dto508s2j2p46.cloudfront.net/system/spree/products/9815/product/p052664_Bar_Studs_YG_both.png?1574618498,90,mejuri.com/shop/products/bar-studs
42,Diamonds Bar Studs,https://dto508s2j2p46.cloudfront.net/system/spree/products/7834/product/diamond-bar-studs-cc.png?1559654141,220,mejuri.com/shop/products/diamonds-bar-studs
43,Diamond Mini Studs,https://dto508s2j2p46.cloudfront.net/system/spree/products/9805/product/p000478_Diamond_Mini_Studs_YG_both.png?1574617993,240,mejuri.com/shop/products/mini-diamond-studs
44,Flower Studs,https://dto508s2j2p46.cloudfront.net/system/spree/products/9823/product/p52505316_FlowerStuds_YG_both.png?1574619459,400,mejuri.com/shop/products/flower-studs
45,X Studs,https://dto508s2j2p46.cloudfront.net/system/spree/products/9882/product/p52505593_x_Studs_YG_both.png?1574628633,90,mejuri.com/shop/products/x-studs
46,Thumbtack Studs,https://dto508s2j2p46.cloudfront.net/system/spree/products/9811/product/p052551_Thumbtack_studs_YG_both.png?1574618310,70,mejuri.com/shop/products/thumbtack-studs
47,Moon Studs,https://dto508s2j2p46.cloudfront.net/system/spree/products/9903/product/p52704732_Moon_Studs_YG_both.png?1574629549,80,mejuri.com/shop/products/moon-studs
48,Star Studs,https://dto508s2j2p46.cloudfront.net/system/spree/products/9904/product/p52704733_Star_Studs_YG_both.png?1574629590,80,mejuri.com/shop/products/star-studs
49,Heart Studs,https://dto508s2j2p46.cloudfront.net/system/spree/products/9902/product/p52704731_Heart_Studs_YG_both.png?1574629520,80,mejuri.com/shop/products/heart-studs
50,Cabochon Studs,https://dto508s2j2p46.cloudfront.net/system/spree/products/9900/product/p52506136_Cabochon_Studs_YG_both.png?1574629423,90,mejuri.com/shop/products/cabochon-studs
51,Sapphire Studs,https://dto508s2j2p46.cloudfront.net/system/spree/products/9816/product/p052703_Sapphire_Studs_YG_both.png?1574618548,90,mejuri.com/shop/products/sapphire-studs
52,Lotus Studs,https://dto508s2j2p46.cloudfront.net/system/spree/products/9809/product/p052456_Lotus_Studs_YG_both.png?1574618220,80,mejuri.com/shop/products/lotus-studs
53,Topaz Bar Studs,https://dto508s2j2p46.cloudfront.net/system/spree/products/9901/product/p52506226_TopazBarStuds_YG_both.png?1574629470,120,mejuri.com/shop/products/topaz-bar-studs
54,360 Studs,https://dto508s2j2p46.cloudfront.net/system/spree/products/9916/product/360-studs-cc.png?1574655619,90,mejuri.com/shop/products/360-studs
55,360 Earrings,https://dto508s2j2p46.cloudfront.net/system/spree/products/10030/product/360_Earrings.png?1574715825,40,mejuri.com/shop/products/360-earrings-1
56,Lightning Bolt Studs,https://dto508s2j2p46.cloudfront.net/system/spree/products/9395/product/LighteningBolts_Studs_Earrings_YG.png?1574194046,80,mejuri.com/shop/products/lightning-bolt-studs
57,Diamond Pavé Lightning Bolt Studs,https://dto508s2j2p46.cloudfront.net/system/spree/products/9408/product/Pave_LighteningBolts_Studs_Earrings_YG.png?1574197295,220,mejuri.com/shop/products/diamond-pave-lightning-bolt-studs
58,Diamond Pavé Star Studs,https://dto508s2j2p46.cloudfront.net/system/spree/products/9420/product/Pave_Star_Studs_Earrings_YG.png?1574201058,220,mejuri.com/shop/products/diamond-pave-star-studs
59,Diamond Pavé Crescent Studs,https://dto508s2j2p46.cloudfront.net/system/spree/products/9432/product/CrescentMoon_Studs_Earrings_YG.png?1574206582,260,mejuri.com/shop/products/diamond-pave-crescent-studs
60,White Sapphire Duo Studs,https://dto508s2j2p46.cloudfront.net/system/spree/products/10461/product/p52705844_GemstoneStud3WhiteSingle_YG.png?1580451815,180,mejuri.com/shop/products/white-sapphire-duo-studs
61,Blue Topaz Duo Studs,https://dto508s2j2p46.cloudfront.net/system/spree/products/10453/product/p52705842_GemstoneStud2BlueSingle_YG.png?1580416136,170,mejuri.com/shop/products/blue-topaz-duo-studs
62,Tourmaline Duo Studs,https://dto508s2j2p46.cloudfront.net/system/spree/products/10456/product/p52705840_GemstoneStud1GreenSingle_YG.png?1580450833,170,mejuri.com/shop/products/tourmaline-duo-studs
63,White Sapphire Drop Studs,https://dto508s2j2p46.cloudfront.net/system/spree/products/10454/product/p52705845_GemstoneStudWhiteDangle_YG.png?1580425094,180,mejuri.com/shop/products/white-sapphire-drop-studs
64,Croissant Circle Earrings,https://dto508s2j2p46.cloudfront.net/system/spree/products/10263/product/p52705769_CroissantLargeStuds_V_both.png?1577203267,70,mejuri.com/shop/products/croissant-circle-earrings
65,Organic Metal Studs,https://dto508s2j2p46.cloudfront.net/system/spree/products/10339/product/p52705773_OrganicMetalStuds_V_both.png?1578917162,45,mejuri.com/shop/products/organic-metal-studs
66,Studs Chain,https://dto508s2j2p46.cloudfront.net/system/spree/products/7901/product/studs-chain-cc.png?1559656824,30,mejuri.com/shop/products/studs-chain
67,Single Sphere Stud,https://dto508s2j2p46.cloudfront.net/system/spree/products/10007/product/sphere-studs-cc.png?1574708310,25,mejuri.com/shop/products/single-sphere-stud
68,Single Cluster Sphere Stud,https://dto508s2j2p46.cloudfront.net/system/spree/products/9991/product/cluster-spheres-studs.png?1574700730,45,mejuri.com/shop/products/single-cluster-sphere-stud
69,Single Bold Sphere Stud,https://dto508s2j2p46.cloudfront.net/system/spree/products/9919/product/p52506129_BoldSphereStuds_YG_angle.png?1574693647,30,mejuri.com/shop/products/single-bold-sphere-stud
70,Single Spheres Bar Stud,https://dto508s2j2p46.cloudfront.net/system/spree/products/9058/product/spheres-bar-studs-cc.png?1568328878,45,mejuri.com/shop/products/single-spheres-bar-stud
71,Single Bar Stud,https://dto508s2j2p46.cloudfront.net/system/spree/products/9917/product/p052664_Bar_Studs_YG_angle.png?1574693518,45,mejuri.com/shop/products/single-bar-stud
72,Single X Stud,https://dto508s2j2p46.cloudfront.net/system/spree/products/9934/product/p52505593_x_Studs_YG_angle.png?1574694380,45,mejuri.com/shop/products/single-x-stud
73,Single Thumbtack Stud,https://dto508s2j2p46.cloudfront.net/system/spree/products/9062/product/thumbtack-studs-cc.png?1568329679,35,mejuri.com/shop/products/single-thumbtack-stud
74,Single Moon Stud,https://dto508s2j2p46.cloudfront.net/system/spree/products/9023/product/moon-studs-cc.png?1568239251,40,mejuri.com/shop/products/single-moon-stud
75,Single Heart Stud,https://dto508s2j2p46.cloudfront.net/system/spree/products/9022/product/heart-studs-cc.png?1568239225,40,mejuri.com/shop/products/single-heart-stud
76,Single Star Stud,https://dto508s2j2p46.cloudfront.net/system/spree/products/9931/product/p52704733_Star_Studs_YG_angle.png?1574694288,40,mejuri.com/shop/products/single-star-stud
77,Single Mini Lotus Stud,https://dto508s2j2p46.cloudfront.net/system/spree/products/9039/product/mini-lotus-studs-cc.png?1568301760,55,mejuri.com/shop/products/single-mini-lotus-stud
78,Single Cabochon Stud,https://dto508s2j2p46.cloudfront.net/system/spree/products/9050/product/cabochon-studs.png?1568324992,45,mejuri.com/shop/products/single-cabochon-stud
79,Single Sapphire Stud,https://dto508s2j2p46.cloudfront.net/system/spree/products/9925/product/p052703_Sapphire_Studs_YG_angle.png?1574693988,45,mejuri.com/shop/products/single-sapphire-stud
80,Single Topaz Bar Stud,https://dto508s2j2p46.cloudfront.net/system/spree/products/9932/product/p52506226_TopazBarStuds_YG_angle.png?1574694326,60,mejuri.com/shop/products/single-topaz-bar-stud
81,Single Diamonds Bar Stud,https://dto508s2j2p46.cloudfront.net/system/spree/products/9054/product/diamond-bar-studs.png?1568326268,110,mejuri.com/shop/products/single-diamonds-bar-stud
82,Single Diamond Mini Stud,https://dto508s2j2p46.cloudfront.net/system/spree/products/9923/product/p000478_Diamond_Mini_Studs_YG_angle.png?1574693812,120,mejuri.com/shop/products/single-diamond-mini-stud
83,Single Flower Stud,https://dto508s2j2p46.cloudfront.net/system/spree/products/9035/product/flower-studs-cc.png?1568300144,200,mejuri.com/shop/products/single-flower-stud
84,Single Diamond Pavé Crescent Stud,https://dto508s2j2p46.cloudfront.net/system/spree/products/9447/product/CrescentMoon_Studs_Earrings_YG-side.png?1574285036,130,mejuri.com/shop/products/single-diamond-pave-crescent-stud
85,Single Diamond Pavé Star Stud,https://dto508s2j2p46.cloudfront.net/system/spree/products/9425/product/Pave_Star_Studs_Earrings_YG-Side.png?1574204938,110,mejuri.com/shop/products/single-diamonds-pave-star-stud
86,Single Diamond Pavé Lightning Bolt Stud,https://dto508s2j2p46.cloudfront.net/system/spree/products/9413/product/Pave_LighteningBolts_Studs_Earrings_YG-Side.png?1574199850,110,mejuri.com/shop/products/single-diamond-pave-lightning-stud
87,Single Lightning Bolt Stud,https://dto508s2j2p46.cloudfront.net/system/spree/products/9404/product/LighteningBolts_Studs_Earrings_YG-Side.png?1574195773,40,mejuri.com/shop/products/single-lightning-bolt-stud
88,Single Tiny Diamond Stud,https://dto508s2j2p46.cloudfront.net/system/spree/products/9198/product/Tiny_Diamond_Stud-Side.png?1571252083,75,mejuri.com/shop/products/tiny-diamond-stud
89,Single Tiny Stacked Diamond Stud,https://dto508s2j2p46.cloudfront.net/system/spree/products/9208/product/Two_Diamond_Stud-Side.png?1571256849,135,mejuri.com/shop/products/tiny-stacked-diamond-stud
90,Single Blue Topaz Duo Stud,https://dto508s2j2p46.cloudfront.net/system/spree/products/10466/product/p52705842_GemstoneStud2BlueSingle_YG_front.png?1580452518,85,mejuri.com/shop/products/single-blue-topaz-duo-stud
91,Single White Sapphire Duo Stud,https://dto508s2j2p46.cloudfront.net/system/spree/products/10463/product/p52705844_GemstoneStud3WhiteSingle_YG_angle.png?1580452231,90,mejuri.com/shop/products/single-white-sapphire-duo-stud
92,Single Tourmaline Duo Stud,https://dto508s2j2p46.cloudfront.net/system/spree/products/10458/product/p52705840_GemstoneStud1GreenSingle_YG_angle.png?1580451325,85,mejuri.com/shop/products/single-tourmaline-duo-stud
93,Double Sapphire Chain Earrings,https://dto508s2j2p46.cloudfront.net/system/spree/products/9868/product/p52705125_DoubleSapphireChainEarings_YG_both.png?1574627743,45,mejuri.com/shop/products/double-sapphire-chain-earrings
94,Curb Chain Earrings,https://dto508s2j2p46.cloudfront.net/system/spree/products/8058/product/Boyfriend-Chain-Earring-cc.png?1559674083,170,mejuri.com/shop/products/curb-chain-earrings
95,Oversized Organic Pearl Earrings,https://dto508s2j2p46.cloudfront.net/system/spree/products/10242/product/p52705624_StackDropPearlEarings_V.png?1576531749,55,mejuri.com/shop/products/oversized-organic-pearl-earrings
96,Organic Pearl Drop Earrings,https://dto508s2j2p46.cloudfront.net/system/spree/products/9845/product/p52705337_OrganicPearlDropEarings_YG_both.png?1574621228,65,mejuri.com/shop/products/organic-pearl-drop-earrings
97,Teardrop Organic Pearl Earrings,https://dto508s2j2p46.cloudfront.net/system/spree/products/10199/product/p52705625_TearDropPearlEarings_V.png?1575585783,65,mejuri.com/shop/products/teadrop-organic-pearl-earrings
98,Croissant Knocker Earrings,https://dto508s2j2p46.cloudfront.net/system/spree/products/10267/product/p52705819_CroissantDoorKnocker_V_both.png?1577203391,65,mejuri.com/shop/products/croissant-knocker-earrings
99,Disc Drop Earrings,https://dto508s2j2p46.cloudfront.net/system/spree/products/8600/product/Moving_Oval_Earrings.png?1564431016,70,mejuri.com/shop/products/disc-drop-earrings
100,Curve Link Earrings,https://dto508s2j2p46.cloudfront.net/system/spree/products/9872/product/p52705436_CurveLinkEarrings_YG_both.png?1574627930,65,mejuri.com/shop/products/curve-link-earrings
101,Sapphire Threaders,https://dto508s2j2p46.cloudfront.net/system/spree/products/7874/product/sapphire-threaders-cc.png?1559655653,110,mejuri.com/shop/products/sapphire-threader
102,Bar Threaders,https://dto508s2j2p46.cloudfront.net/system/spree/products/7811/product/bar-threaders-cc_v2.png?1559244943,100,mejuri.com/shop/products/bar-threader
103,Hook Threaders,https://dto508s2j2p46.cloudfront.net/system/spree/products/7543/product/Threaders.png?1556810441,130,mejuri.com/shop/products/hook-threaders
104,Sapphire Studded Threaders,https://dto508s2j2p46.cloudfront.net/system/spree/products/9838/product/StuddedSapphireThreader_YG.png?1574620895,210,mejuri.com/shop/products/sapphire-studded-threaders
105,Stacker Ring,https://dto508s2j2p46.cloudfront.net/system/spree/products/10011/product/p052649_Stacker_Ring_YG_Front-V2.png?1574713206,75,mejuri.com/shop/products/stacker-ring
106,Twist Ring,https://dto508s2j2p46.cloudfront.net/system/spree/products/9550/product/p0004277_Twist_Ring_YG_Front.png?1574532809,75,mejuri.com/shop/products/twist-stackable-ring-2
107,Beaded Ring,https://dto508s2j2p46.cloudfront.net/system/spree/products/9564/product/beaded-ring-cc.png?1574534055,75,mejuri.com/shop/products/beaded-stackable-ring-2
108,Diamonds Open Ring,https://dto508s2j2p46.cloudfront.net/system/spree/products/10012/product/p0004307_Diamonds_Open_Ring_YG_Front-v2.png?1574713351,160,mejuri.com/shop/products/diamonds-open-stackable-ring
109,Diamonds Line Ring,https://dto508s2j2p46.cloudfront.net/system/spree/products/9552/product/p0004287_Diamonds_Line_Ring_YG_Front.png?1574532956,220,mejuri.com/shop/products/diamonds-line-ring
110,Diamonds Team Ring,https://dto508s2j2p46.cloudfront.net/system/spree/products/9465/product/p52505561_Diamonds_Team_Ring_YG_Front.png?1574458799,395,mejuri.com/shop/products/diamonds-team-ring
111,Diamond Solo Ring,https://dto508s2j2p46.cloudfront.net/system/spree/products/9562/product/p052498_Solo_Diamond_Ring_YG_Front.png?1574533705,185,mejuri.com/shop/products/solo-diamond-ring
112,Diamond Beaded Ring,https://dto508s2j2p46.cloudfront.net/system/spree/products/9907/product/p52504958_Diamond_Beaded_Ring_YG_Front.png?1574630062,185,mejuri.com/shop/products/beaded-diamond-ring
113,Dotted Diamonds Ring,https://dto508s2j2p46.cloudfront.net/system/spree/products/9508/product/p52705307_Dotted_Diamonds_Ring_YG_Front.png?1574472395,245,mejuri.com/shop/products/dotted-diamonds-ring
114,Dot Ring,https://dto508s2j2p46.cloudfront.net/system/spree/products/10168/product/p52705457_DotRing_YG_Revised.png?1575905571,150,mejuri.com/shop/products/dot-ring
115,Duo Ring,https://dto508s2j2p46.cloudfront.net/system/spree/products/8036/product/duo-ring-cc.png?1559670429,295,mejuri.com/shop/products/duo-ring
116,Slim Signet Ring,https://dto508s2j2p46.cloudfront.net/system/spree/products/9505/product/p52705071_Slim_Signet_Ring_YG_Front.png?1574472291,170,mejuri.com/shop/products/slim-signet-ring
117,Bold Stacker,https://dto508s2j2p46.cloudfront.net/system/spree/products/9466/product/p52505574_Bold_Stacker_YG_Front.png?1574459338,195,mejuri.com/shop/products/bold-stacker
118,Bold Sculpture Band,https://dto508s2j2p46.cloudfront.net/system/spree/products/9500/product/p52705181_Bold_Sculpture_Band_YG_Front.png?1574471901,225,mejuri.com/shop/products/bold-sculpture-band
119,Diamonds Band,https://dto508s2j2p46.cloudfront.net/system/spree/products/9501/product/p52704959_DiamondsBandRing_YG_front.png?1574471979,335,mejuri.com/shop/products/diamonds-band
120,Eternity Line Band,https://dto508s2j2p46.cloudfront.net/system/spree/products/9503/product/p52704971_EternityLineBand_YG_front.png?1574472072,170,mejuri.com/shop/products/eternity-line-band
121,Ceramic Band,https://dto508s2j2p46.cloudfront.net/system/spree/products/8505/product/ceramic-band-cc-v2.png?1562794914,170,mejuri.com/shop/products/ceramic-band
122,Diamonds Ceramic Band,https://dto508s2j2p46.cloudfront.net/system/spree/products/8506/product/diamond-white-ceramic-cc-v2.png?1562794938,390,mejuri.com/shop/products/diamonds-ceramic-band
123,Thin Band,https://dto508s2j2p46.cloudfront.net/system/spree/products/9325/product/P52704323_ThinBand__YG_Front.png?1573489400,215,mejuri.com/shop/products/thin-band
124,The Band,https://dto508s2j2p46.cloudfront.net/system/spree/products/9321/product/P52704347_TheBand__YG_Front.png?1573489334,265,mejuri.com/shop/products/the-band
125,Eternity Band,https://dto508s2j2p46.cloudfront.net/system/spree/products/9317/product/P52704395_EternityBand__YG_Front.png?1573489278,975,mejuri.com/shop/products/eternity-band
126,Diamonds Pavé Evil Eye Ring,https://dto508s2j2p46.cloudfront.net/system/spree/products/9514/product/p52705134_Diamonds_Pave_Evil_Eye_Ring_YG_Front.png?1574472928,195,mejuri.com/shop/products/diamond-pave-evil-eye-ring
127,Diamonds Pavé Star Ring,https://dto508s2j2p46.cloudfront.net/system/spree/products/9515/product/p52705036_Diamonds_Pave_Star_Ring_YG_Front.png?1574473059,190,mejuri.com/shop/products/diamonds-pave-star-ring
128,Sculpture Band,https://dto508s2j2p46.cloudfront.net/system/spree/products/9504/product/p52705095_Sculpture_Band_YG_Front.png?1574472119,125,mejuri.com/shop/products/sculpture-band
129,Dewdrop Baguette Ring,https://dto508s2j2p46.cloudfront.net/system/spree/products/9517/product/p52705271_Dewdrop_Baguette_Ring_Swiss_Blue_Topaz_YG_Front.png?1574473134,165,mejuri.com/shop/products/dewdrop-baguette-ring-swiss-blue-topaz
130,Dewdrops Ring,https://dto508s2j2p46.cloudfront.net/system/spree/products/9521/product/p52705281_Dewdrops_Ring_Swiss_Blue_Topaz_YG_Front.png?1574473505,160,mejuri.com/shop/products/dewdrops-ring-swiss-blue-topaz
131,Dewdrop Wave Ring,https://dto508s2j2p46.cloudfront.net/system/spree/products/9527/product/p52705296_Dewdrop_Wave_Ring_Tsavorite_YG_Angle.png?1574473878,140,mejuri.com/shop/products/dewdrop-wave-ring-tsavorite
132,Malachite Square Ring,https://dto508s2j2p46.cloudfront.net/system/spree/products/9251/product/Greenmalachite_ring_14k_front.png?1572026269,175,mejuri.com/shop/products/malachite-square-ring
133,360 Ring,https://dto508s2j2p46.cloudfront.net/system/spree/products/9567/product/p052525_360_Ring_YG_Angle.png?1574534367,95,mejuri.com/shop/products/360-ring
134,Double Line Ring,https://dto508s2j2p46.cloudfront.net/system/spree/products/8697/product/2019-09-02_Statement_Rings-Product-Double_Ring_1-1.png?1566325913,215,mejuri.com/shop/products/double-line-ring
135,Triple Line Ring,https://dto508s2j2p46.cloudfront.net/system/spree/products/9511/product/p52705107_TripleLineRing_YG_front.png?1574472757,295,mejuri.com/shop/products/triple-line-ring
136,Braided Ring,https://dto508s2j2p46.cloudfront.net/system/spree/products/10223/product/p52705463_BraidedGoldRing_YG_Revised.png?1576269981,150,mejuri.com/shop/products/braided-ring
137,Snake Ring,https://dto508s2j2p46.cloudfront.net/system/spree/products/9143/product/p52705446_SnakeRing_YG_front.png?1580761671,280,mejuri.com/shop/products/snake-ring
138,Cigar Band,https://dto508s2j2p46.cloudfront.net/system/spree/products/7824/product/Cigar_Band.png?1559330151,280,mejuri.com/shop/products/cigar-band
139,Boyfriend Stacker,https://dto508s2j2p46.cloudfront.net/system/spree/products/9464/product/p52505544_BoyfriendStacker_V_front.png?1574458737,60,mejuri.com/shop/products/boyfriend-stacker-vermeil
140,Thin Dôme Ring,https://dto508s2j2p46.cloudfront.net/system/spree/products/9955/product/thin-dome-ring-side-cc.png?1574698486,295,mejuri.com/shop/products/thin-dome-ring
141,Dôme Ring,https://dto508s2j2p46.cloudfront.net/system/spree/products/8344/product/dome-ring-side-cc.png?1560974306,60,mejuri.com/shop/products/dome-ring-vermeil
142,Thin Croissant Dôme Ring,https://dto508s2j2p46.cloudfront.net/system/spree/products/9936/product/Croissant_14k_Ring-Side.png?1574698517,315,mejuri.com/shop/products/thin-croissant-dome-ring
143,Croissant Dôme Ring,https://dto508s2j2p46.cloudfront.net/system/spree/products/8545/product/Croissant_Vermeil_Ring-Side.png?1563478323,65,mejuri.com/shop/products/croissant-dome-ring
144,Tarot Star Ring,https://dto508s2j2p46.cloudfront.net/system/spree/products/10401/product/p52705786_TarotStarRing_V_front.png?1579635880,50,mejuri.com/shop/products/tarot-star-ring
145,Tarot Moon Ring,https://dto508s2j2p46.cloudfront.net/system/spree/products/10398/product/p52705777_TarotMoonRing_V_front.png?1579635469,50,mejuri.com/shop/products/tarot-moon-ring
146,Tarot Strength Ring,https://dto508s2j2p46.cloudfront.net/system/spree/products/10404/product/p52705804_TarotStrengthRing_V_front.png?1579636455,50,mejuri.com/shop/products/tarot-strength-ring
147,Tarot Sun Ring,https://dto508s2j2p46.cloudfront.net/system/spree/products/10395/product/p52705795_TarotSunRing_V_front.png?1579633691,50,mejuri.com/shop/products/tarot-sun-ring
148,Honey Ring,https://dto508s2j2p46.cloudfront.net/system/spree/products/10022/product/p52704016_HoneyRing_YG_front-v2.png?1574714788,50,mejuri.com/shop/products/honey-ring
149,Mini Signet Ring,https://dto508s2j2p46.cloudfront.net/system/spree/products/9580/product/p052726_Mini_Signet_Ring_YG_Front.png?1574535425,170,mejuri.com/shop/products/mini-signet-ring
150,Mini Square Signet,https://dto508s2j2p46.cloudfront.net/system/spree/products/10069/product/squaresignet-gold-MINI-side.png?1574809841,215,mejuri.com/shop/products/mini-square-signet
151,Yin Yang Pinky Ring,https://dto508s2j2p46.cloudfront.net/system/spree/products/9495/product/p52708431_YinYangPinkyRing_YG_front.png?1574471404,345,mejuri.com/shop/products/yin-yang-pinky-ring
152,Honey Mini Signet,https://dto508s2j2p46.cloudfront.net/system/spree/products/10031/product/p52704666_Honey_Signet_YG_Front.png?1574715889,50,mejuri.com/shop/products/honey-signet
153,Star Signet,https://dto508s2j2p46.cloudfront.net/system/spree/products/10033/product/p52505353_StarSignetRing_YG_front-v2.png?1574716077,60,mejuri.com/shop/products/star-signet
154,Thin Dôme Pinky Ring,https://dto508s2j2p46.cloudfront.net/system/spree/products/9967/product/thin-dome-pinky-ring-side-cc.png?1574698862,290,mejuri.com/shop/products/thin-dome-pinky-ring
155,Dôme Pinky Ring,https://dto508s2j2p46.cloudfront.net/system/spree/products/9985/product/dome-pinky-ring-side-cc.png?1574699879,60,mejuri.com/shop/products/dome-pinky-ring
156,Thin Croissant Dôme Pinky Ring,https://dto508s2j2p46.cloudfront.net/system/spree/products/9956/product/Croissant_14k_Pinky_Ring-Side.png?1574698493,300,mejuri.com/shop/products/thin-croissant-dome-pinky-ring
157,Croissant Dôme Pinky Ring,https://dto508s2j2p46.cloudfront.net/system/spree/products/8543/product/Croissant_Vermeil_Pinky_Ring-Side.png?1563477855,65,mejuri.com/shop/products/croissant-dome-pinky-ring
158,Bold Chain Ring,https://dto508s2j2p46.cloudfront.net/system/spree/products/9568/product/p52506188_BoldChainRing_YG_top.png?1574534512,215,mejuri.com/shop/products/bold-chain-ring
159,Thin Chain Ring,https://dto508s2j2p46.cloudfront.net/system/spree/products/9569/product/p52506194_ThinChainRing_YG_top.png?1574534554,150,mejuri.com/shop/products/thin-chain-ring
160,Triple Beaded Chain Ring,https://dto508s2j2p46.cloudfront.net/system/spree/products/10042/product/TripleBeadedChainRing__YG_Over-v2.png?1574717173,125,mejuri.com/shop/products/triple-beaded-chain-ring
161,Diamonds Pavé Star Chain Ring,https://dto508s2j2p46.cloudfront.net/system/spree/products/8098/product/white-diamond-star-Chain-ring-cc.png?1559679240,160,mejuri.com/shop/products/diamonds-pave-star-chain-ring
162,Aries Ring,https://dto508s2j2p46.cloudfront.net/system/spree/products/9598/product/p52505467_ZodiacRingAries_YG_angle.png?1574537245,70,mejuri.com/shop/products/zodiac-ring-aries
163,Taurus Ring,https://dto508s2j2p46.cloudfront.net/system/spree/products/9616/product/p52505515_ZodiacRingTaurus_YG_angle.png?1574538563,70,mejuri.com/shop/products/zodiac-ring-taurus
164,Gemini Ring,https://dto508s2j2p46.cloudfront.net/system/spree/products/9604/product/p52505527_ZodiacRingGemini_YG_angle.png?1574537879,70,mejuri.com/shop/products/zodiac-ring-gemini
165,Cancer Ring,https://dto508s2j2p46.cloudfront.net/system/spree/products/9599/product/p52505473_ZodiacRingCancer_YG_front.png?1574537309,70,mejuri.com/shop/products/zodiac-ring-cancer
166,Leo Ring,https://dto508s2j2p46.cloudfront.net/system/spree/products/9605/product/p52505485_ZodiacRingLeo_YG_front.png?1574537934,70,mejuri.com/shop/products/zodiac-ring-leo
167,Virgo Ring,https://dto508s2j2p46.cloudfront.net/system/spree/products/9618/product/p52505521_ZodiacRingVirgo_YG_front.png?1574538740,70,mejuri.com/shop/products/zodiac-ring-virgo
168,Libra Ring,https://dto508s2j2p46.cloudfront.net/system/spree/products/9608/product/p52505491_ZodiacRingLibra_YG_angle.png?1574538036,70,mejuri.com/shop/products/zodiac-ring-libra
169,Scorpio Ring,https://dto508s2j2p46.cloudfront.net/system/spree/products/9614/product/p52505509_ZodiacRingScorpio_YG_front.png?1574538468,70,mejuri.com/shop/products/zodiac-ring-scorpio
170,Sagittarius Ring,https://dto508s2j2p46.cloudfront.net/system/spree/products/9611/product/p52505503_ZodiacRingSagitarius_YG_angle.png?1574538383,70,mejuri.com/shop/products/zodiac-ring-sagittarius
171,Capricorn Ring,https://dto508s2j2p46.cloudfront.net/system/spree/products/9601/product/p52505479_ZodiacRingCapricorn_YG_front.png?1574537359,70,mejuri.com/shop/products/zodiac-ring-capricorn
172,Aquarius Ring,https://dto508s2j2p46.cloudfront.net/system/spree/products/9595/product/p52505459_ZodiacRingAquarius_YG_angle.png?1574537084,70,mejuri.com/shop/products/zodiac-ring-aquarius
173,Pisces Ring,https://dto508s2j2p46.cloudfront.net/system/spree/products/9609/product/p52505497_ZodiacRingPisces_YG_front.png?1574538286,70,mejuri.com/shop/products/zodiac-ring-pisces
174,Essential Cuff,https://dto508s2j2p46.cloudfront.net/system/spree/products/9891/product/p52705354_Essential_Cuff_YG_angle.png?1574629105,65,mejuri.com/shop/products/essential-cuff
175,Sleek Cuff,https://dto508s2j2p46.cloudfront.net/system/spree/products/9883/product/p52505426_Sleek_Cuff_YG_Angle.png?1574628792,35,mejuri.com/shop/products/sleek-cuff
176,Beaded Cuff,https://dto508s2j2p46.cloudfront.net/system/spree/products/9885/product/p52505430_Beaded_Cuff_YG_Angle.png?1574628857,35,mejuri.com/shop/products/beaded-cuff
177,Boyfriend Cuff,https://dto508s2j2p46.cloudfront.net/system/spree/products/10010/product/boyfriend-cuff-cc.png?1574709966,35,mejuri.com/shop/products/boyfriend-cuff
178,Feature Cuff,https://dto508s2j2p46.cloudfront.net/system/spree/products/9899/product/p52704677_Feature_Cuff_YG_Angle.png?1574629383,45,mejuri.com/shop/products/feature-cuff
179,Dôme Cuff,https://dto508s2j2p46.cloudfront.net/system/spree/products/9996/product/Dome_Cuff_Side.png?1574701365,40,mejuri.com/shop/products/dome-cuff
180,Croissant Dôme Cuff,https://dto508s2j2p46.cloudfront.net/system/spree/products/9979/product/Croissant_Cuff_Side.png?1574699291,40,mejuri.com/shop/products/croissant-dome-cuff
181,Diamond Necklace,https://dto508s2j2p46.cloudfront.net/system/spree/products/7930/product/p000490_Diamond_Necklace_YG_FRONT.png?1574717954,285,mejuri.com/shop/products/diamond-necklace-1
182,Diamonds Line Necklace,https://dto508s2j2p46.cloudfront.net/system/spree/products/7933/product/diamonds-line-necklace-cc.png?1559659138,285,mejuri.com/shop/products/diamonds-line-necklace
183,Flower Necklace,https://dto508s2j2p46.cloudfront.net/system/spree/products/9655/product/p52506317_FlowerNecklace_YG_Front-VERSION2.png?1574703155,295,mejuri.com/shop/products/flower-necklace
184,Diamonds Station Necklace,https://dto508s2j2p46.cloudfront.net/system/spree/products/7936/product/diamonds-station-necklace-cc.png?1559659267,295,mejuri.com/shop/products/diamond-station-necklace
185,Duo Necklace,https://dto508s2j2p46.cloudfront.net/system/spree/products/9640/product/p52505438_Duo_Necklace_YG_Front.png?1574547948,270,mejuri.com/shop/products/duo-necklace
186,360 Necklace,https://dto508s2j2p46.cloudfront.net/system/spree/products/9253/product/360_Necklace_14k_front.png?1572278824,185,mejuri.com/shop/products/360-necklace
187,Nova Necklace,https://dto508s2j2p46.cloudfront.net/system/spree/products/7970/product/nova-necklace-cc.png?1559662478,170,mejuri.com/shop/products/nova-necklace
188,Engravable Necklace,https://dto508s2j2p46.cloudfront.net/system/spree/products/7948/product/p052442_Engravable_Necklace_YG_FRONT.png?1574718049,260,mejuri.com/shop/products/engravable-necklace
189,Horizontal Engravable Bar Necklace,https://dto508s2j2p46.cloudfront.net/system/spree/products/7952/product/p52506097_Horizontal_Engravable_Bar_Necklace_YG_Front.png?1574804972,270,mejuri.com/shop/products/horizontal-engravable-bar-necklace
190,Engravable Tag Necklace,https://dto508s2j2p46.cloudfront.net/system/spree/products/7465/product/Dog_Tag_Pendant_Front.png?1555522997,230,mejuri.com/shop/products/engravable-tag-necklace
191,Hue Necklace,https://dto508s2j2p46.cloudfront.net/system/spree/products/7959/product/hue-necklace-white-topaz-cc.png?1559661449,185,mejuri.com/shop/products/hue-necklace-white-topaz
192,White Sapphire Trio Necklace,https://dto508s2j2p46.cloudfront.net/system/spree/products/10450/product/p52705848_GemstoneNecklace3WhiteCluster_YG_front.png?1580415500,270,mejuri.com/shop/products/white-sapphire-trio-necklace
193,Blue Topaz Trio Necklace,https://dto508s2j2p46.cloudfront.net/system/spree/products/10447/product/p52705847_GemstoneNecklace2BlueCluster_YG_front.png?1580414981,250,mejuri.com/shop/products/blue-topaz-trio-necklace
194,Tourmaline Trio Necklace,https://dto508s2j2p46.cloudfront.net/system/spree/products/10445/product/p52705846_GemstoneNecklace1GreenCluster_YG_front.png?1580413116,250,mejuri.com/shop/products/tourmaline-trio-necklace
195,January Necklace,https://dto508s2j2p46.cloudfront.net/system/spree/products/9725/product/p52505886_Birthstone_January_Necklace_YG_Front.png?1574552202,225,mejuri.com/shop/products/january-necklace
196,Single Sphere Necklace,https://dto508s2j2p46.cloudfront.net/system/spree/products/9689/product/p52705121_Single_Sphere_Necklace_YG_Front.png?1574550125,155,mejuri.com/shop/products/single-sphere-necklace
197,Bold Spheres Necklace,https://dto508s2j2p46.cloudfront.net/system/spree/products/7509/product/6_Sphere_Necklace_Front-6.png?1556894911,170,mejuri.com/shop/products/bold-spheres-necklace
198,Organic Pearl Bead Necklace,https://dto508s2j2p46.cloudfront.net/system/spree/products/8687/product/2019-08-26-Organic_Pearl-Product-Pearl_Necklace-Front.png?1566237708,160,mejuri.com/shop/products/organic-pearl-bead-necklace
199,Malachite Green Necklace,https://dto508s2j2p46.cloudfront.net/system/spree/products/9248/product/Greenmalachite_Necklace_14k_front.png?1572012844,235,mejuri.com/shop/products/malachite-green-necklace
200,Satellite Necklace,https://dto508s2j2p46.cloudfront.net/system/spree/products/8308/product/satellite-necklace-cc.png?1560890625,70,mejuri.com/shop/products/satellite-necklace-white-sapphire
201,Sapphire Choker,https://dto508s2j2p46.cloudfront.net/system/spree/products/8303/product/Sapphire_Choker_-_Front.png?1574713646,55,mejuri.com/shop/products/sapphire-choker
202,Lotus Necklace,https://dto508s2j2p46.cloudfront.net/system/spree/products/8291/product/p052454_Lotus_Necklace_YG_FRONT.png?1574718010,80,mejuri.com/shop/products/lotus-necklace
203,Layered Moon Necklace,https://dto508s2j2p46.cloudfront.net/system/spree/products/9647/product/p52706186_LayeredMoonNecklace_YG_Front.png?1574548201,65,mejuri.com/shop/products/layered-moon-necklace
204,Layered Spheres Necklace,https://dto508s2j2p46.cloudfront.net/system/spree/products/7784/product/Layered_Spheres_-_Front.png?1559148077,65,mejuri.com/shop/products/layered-spheres-necklace
205,Crescent Necklace,https://dto508s2j2p46.cloudfront.net/system/spree/products/9710/product/p52705126_Crescent_Necklace_YG_Front.png?1574551484,70,mejuri.com/shop/products/crescent-necklace
206,Sliding Spheres Necklace,https://dto508s2j2p46.cloudfront.net/system/spree/products/10567/product/p52705836_SlidingSphereNecklace_V_asymmetrical.png?1581116306,80,mejuri.com/shop/products/sliding-spheres-necklace
207,Lariat Slide Necklace,https://dto508s2j2p46.cloudfront.net/system/spree/products/7549/product/p52705127_Lariat_Slide_Necklace_YG_FRONT.png?1574718533,60,mejuri.com/shop/products/lariat-slide-necklace
208,Trillion Cut Necklace,https://dto508s2j2p46.cloudfront.net/system/spree/products/8326/product/p52704304_Trillion_Cut_Necklace_YG_FRONT.png?1574717776,60,mejuri.com/shop/products/trillion-cut-necklace
209,Honey Necklace,https://dto508s2j2p46.cloudfront.net/system/spree/products/9987/product/honey-necklace-cc.png?1574700232,65,mejuri.com/shop/products/honey-necklace
210,Tarot Star Necklace,https://dto508s2j2p46.cloudfront.net/system/spree/products/9622/product/p52704292_Star_Necklace_YG_FRONT.png?1574547159,80,mejuri.com/shop/products/star-necklace-tarot
211,Tarot Sun Necklace,https://dto508s2j2p46.cloudfront.net/system/spree/products/9626/product/p52704293_Sun_Necklace_YG_FRONT.png?1574547405,80,mejuri.com/shop/products/sun-necklace
212,Tarot Moon Necklace,https://dto508s2j2p46.cloudfront.net/system/spree/products/9643/product/p52704294_Moon_Necklace_YG_FRONT.png?1574548078,80,mejuri.com/shop/products/moon-necklace
213,Tarot Strength Necklace,https://dto508s2j2p46.cloudfront.net/system/spree/products/9666/product/p52704295_Strength_Necklace_YG_FRONT.png?1574549093,80,mejuri.com/shop/products/strength-necklace
214,Iris Medallion,https://dto508s2j2p46.cloudfront.net/system/spree/products/9675/product/p52705067_Iris_Medallion_YG_FRONT.png?1574549590,60,mejuri.com/shop/products/iris-medallion
215,Organic Metal Necklace,https://dto508s2j2p46.cloudfront.net/system/spree/products/10343/product/p52705775_OrganicMetalNecklace_V_front.png?1578917190,65,mejuri.com/shop/products/organic-metal-necklace
216,Oval Necklace,https://dto508s2j2p46.cloudfront.net/system/spree/products/9986/product/oval-necklace-cc.png?1574699956,60,mejuri.com/shop/products/oval-necklace
217,Locket Necklace,https://dto508s2j2p46.cloudfront.net/system/spree/products/8336/product/p52506124_Locket_Necklace_YG_Front.png?1574804879,100,mejuri.com/shop/products/locket-necklace
218,Twin Necklace,https://dto508s2j2p46.cloudfront.net/system/spree/products/9652/product/p52506096_Twin_Necklace_YG_Front.png?1574548385,60,mejuri.com/shop/products/twin-necklace
219,Boyfriend Necklace,https://dto508s2j2p46.cloudfront.net/system/spree/products/9664/product/p52505556_Boyfriend_Necklace_YG_FRONT.png?1574549027,70,mejuri.com/shop/products/boyfriend-necklace
220,Organic Pearl Necklace,https://dto508s2j2p46.cloudfront.net/system/spree/products/9673/product/p52704936_Organic_Pearl_Necklace_YG_FRONT.png?1574549439,75,mejuri.com/shop/products/organic-pearl-necklace
221,Dot Necklace,https://dto508s2j2p46.cloudfront.net/system/spree/products/9670/product/p52508182_Dot_Necklace_YG_Front.png?1574549353,55,mejuri.com/shop/products/dot-necklace
222,Floating Sapphire Necklace,https://dto508s2j2p46.cloudfront.net/system/spree/products/9382/product/Dainty_Cluster_Necklace_Necklace_V_Front.png?1573586617,85,mejuri.com/shop/products/floating-sapphire-necklace
223,Cauri Shell Necklace,https://dto508s2j2p46.cloudfront.net/system/spree/products/9697/product/p52705200_Cauri_Shell_Necklace_YG_Front-VERSION_2.png?1574711272,70,mejuri.com/shop/products/cauri-shell-necklace
224,Striped Shell Necklace,https://dto508s2j2p46.cloudfront.net/system/spree/products/9703/product/p52705212_Striped_Shell_Necklace_YG_FRONT.png?1574551060,65,mejuri.com/shop/products/striped-shell-necklace
225,Large Striped Shell Necklace,https://dto508s2j2p46.cloudfront.net/system/spree/products/9700/product/p52705268_Large_Striped_Shell_Necklace_V_FRONT.png?1574550908,90,mejuri.com/shop/products/large-striped-shell-necklace
226,Chain Necklace,https://dto508s2j2p46.cloudfront.net/system/spree/products/7920/product/p5250421_Chain_Necklace_YG_FRONT.png?1574717988,150,mejuri.com/shop/products/chain-necklace
227,Spheres Choker,https://dto508s2j2p46.cloudfront.net/system/spree/products/7991/product/spheres-choker-cc.png?1559666207,255,mejuri.com/shop/products/spheres-choker
228,Boyfriend Bold Chain,https://dto508s2j2p46.cloudfront.net/system/spree/products/7918/product/boyfriend-bold-chain-cc.png?1559657495,250,mejuri.com/shop/products/boyfriend-bold-necklace-2
229,Herringbone Chain Necklace,https://dto508s2j2p46.cloudfront.net/system/spree/products/10079/product/p52705618_FlatHerringboneNecklace_YG_FRONT.png?1575066070,395,mejuri.com/shop/products/herringbone-chain-necklace
230,Curb Necklace,https://dto508s2j2p46.cloudfront.net/system/spree/products/7923/product/curb-necklace-cc.png?1559657652,290,mejuri.com/shop/products/curb-necklace
231,Triple Beaded Chain Necklace,https://dto508s2j2p46.cloudfront.net/system/spree/products/8501/product/Triple_Beaded_Chain_Necklace-side.png?1562786404,325,mejuri.com/shop/products/triple-beaded-chain-necklace
232,Layered Spheres Choker,https://dto508s2j2p46.cloudfront.net/system/spree/products/8285/product/layered-spheres-choker-cc.png?1560881980,75,mejuri.com/shop/products/layered-spheres-choker
233,Double Curb Chain Necklace,https://dto508s2j2p46.cloudfront.net/system/spree/products/10083/product/p52705617_WiderDoubleCurbNecklace_V_FRONT.png?1575066180,95,mejuri.com/shop/products/double-curb-chain-necklace
234,Bold Link Chain Necklace,https://dto508s2j2p46.cloudfront.net/system/spree/products/10088/product/p52705610_WiderBoyfriendNecklace_V_FRONT.png?1575067303,90,mejuri.com/shop/products/bold-link-chain-necklace
235,Flat Chain,https://dto508s2j2p46.cloudfront.net/system/spree/products/8272/product/p52505577_Flat_Chain_YG_Front.png?1574805071,70,mejuri.com/shop/products/flat-chain
236,Chain Extender,https://dto508s2j2p46.cloudfront.net/system/spree/products/7951/product/Gold-Chain-Extender-cc.png?1559660542,40,mejuri.com/shop/products/chain-extension
237,Chain Extender Vermeil,https://dto508s2j2p46.cloudfront.net/system/spree/products/8484/product/chain_extender-updated_vermeil.png?1562681531,10,mejuri.com/shop/products/chain-extension-vermeil
238,Aries Necklace Vermeil,https://dto508s2j2p46.cloudfront.net/system/spree/products/8356/product/zodiac-necklace-aries-cc.png?1560974814,80,mejuri.com/shop/products/zodiac-necklace-aries
239,Taurus Necklace Vermeil,https://dto508s2j2p46.cloudfront.net/system/spree/products/8410/product/zodiac-necklace-taurus-cc.png?1560979673,80,mejuri.com/shop/products/zodiac-necklace-taurus
240,Gemini Necklace Vermeil,https://dto508s2j2p46.cloudfront.net/system/spree/products/8372/product/zodiac-necklace-gemini-cc.png?1560975337,80,mejuri.com/shop/products/zodiac-necklace-gemini
241,Cancer Necklace Vermeil,https://dto508s2j2p46.cloudfront.net/system/spree/products/8363/product/zodiac-necklace-cancer-cc.png?1560975032,80,mejuri.com/shop/products/zodiac-necklace-cancer
242,Leo Necklace Vermeil,https://dto508s2j2p46.cloudfront.net/system/spree/products/8378/product/zodiac-necklace-leo-cc.png?1560976354,80,mejuri.com/shop/products/zodiac-necklace-leo
243,Virgo Necklace Vermeil,https://dto508s2j2p46.cloudfront.net/system/spree/products/8415/product/zodiac-necklace-virgo-cc.png?1560979842,80,mejuri.com/shop/products/zodiac-necklace-virgo
244,Libra Necklace Vermeil,https://dto508s2j2p46.cloudfront.net/system/spree/products/8421/product/zodiac-necklace-libra-cc.png?1561477207,80,mejuri.com/shop/products/zodiac-necklace-libra
245,Scorpio Necklace Vermeil,https://dto508s2j2p46.cloudfront.net/system/spree/products/8403/product/zodiac-necklace-scorpio-cc.png?1560978630,80,mejuri.com/shop/products/zodiac-necklace-scorpio
246,Sagittarius Necklace Vermeil,https://dto508s2j2p46.cloudfront.net/system/spree/products/8397/product/zodiac-necklace-sagittarius-cc.png?1560978285,80,mejuri.com/shop/products/zodiac-necklace-sagittarius
247,Capricorn Necklace Vermeil,https://dto508s2j2p46.cloudfront.net/system/spree/products/8370/product/zodiac-necklace-capricorn-cc.png?1560975275,80,mejuri.com/shop/products/zodiac-necklace-capricorn
248,Aquarius Necklace Vermeil,https://dto508s2j2p46.cloudfront.net/system/spree/products/8333/product/zodiac-necklace-aquarius-cc.png?1560893855,80,mejuri.com/shop/products/zodiac-necklace-aquarius
249,Pisces Necklace Vermeil,https://dto508s2j2p46.cloudfront.net/system/spree/products/8390/product/zodiac-necklace-pisces-cc.png?1560977717,80,mejuri.com/shop/products/zodiac-necklace-pisces
250,Aries Necklace,https://dto508s2j2p46.cloudfront.net/system/spree/products/9753/product/p52705365_Zodiac_Aries_Necklace_YG_FRONT.png?1574583601,350,mejuri.com/shop/products/aries-necklace
251,Taurus Necklace,https://dto508s2j2p46.cloudfront.net/system/spree/products/8867/product/Taurus-Necklace-Front-v2.png?1568389031,350,mejuri.com/shop/products/taurus-necklace
252,Gemini Necklace,https://dto508s2j2p46.cloudfront.net/system/spree/products/9759/product/p52705367_Zodiac_Gemini_Necklace_YG_FRONT.png?1574583905,350,mejuri.com/shop/products/gemini-necklace
253,Cancer Necklace,https://dto508s2j2p46.cloudfront.net/system/spree/products/8850/product/Cancer-Necklace-Front-v2.png?1568388840,350,mejuri.com/shop/products/cancer-necklace
254,Leo Necklace,https://dto508s2j2p46.cloudfront.net/system/spree/products/9762/product/p52705369_Zodiac_Leo_Necklace_YG_FRONT.png?1574584107,350,mejuri.com/shop/products/leo-necklace
255,Virgo Necklace,https://dto508s2j2p46.cloudfront.net/system/spree/products/9765/product/p52705370_Zodiac_Virgo_Necklace_YG_FRONT.png?1574584301,350,mejuri.com/shop/products/virgo-necklace
256,Libra Necklace,https://dto508s2j2p46.cloudfront.net/system/spree/products/8859/product/Libra-Necklace-Front-v2.png?1568388932,350,mejuri.com/shop/products/libra-necklace
257,Scorpio Necklace,https://dto508s2j2p46.cloudfront.net/system/spree/products/8865/product/Scorpio-Necklace-Front-v2.png?1568405758,350,mejuri.com/shop/products/scorpio-necklace
258,Sagittarius Necklace,https://dto508s2j2p46.cloudfront.net/system/spree/products/9768/product/p52705373_Zodiac_Sagittarius_Necklace_YG_FRONT.png?1574584410,350,mejuri.com/shop/products/sagittarius-necklace
259,Capricorn Necklace,https://dto508s2j2p46.cloudfront.net/system/spree/products/9756/product/p52705374_Zodiac_Capricorn_Necklace_YG_FRONT.png?1574583790,350,mejuri.com/shop/products/capricorn-necklace
260,Aquarius Necklace,https://dto508s2j2p46.cloudfront.net/system/spree/products/9749/product/p52705375_Zodiac_Aquarius_Necklace_YG_FRONT.png?1574553676,350,mejuri.com/shop/products/aquarius-necklace
261,Pisces Necklace,https://dto508s2j2p46.cloudfront.net/system/spree/products/9771/product/p52705376_Zodiac_Pisces_Necklace_YG_FRONT.png?1574584527,350,mejuri.com/shop/products/pisces-necklace
262,January Charm,https://dto508s2j2p46.cloudfront.net/system/spree/products/4570/product/Mejuri_Birthstone_Garnet_charm2.png?1524074854,75,mejuri.com/shop/products/january-charm
263,Sapphire Evil Eye Charm,https://dto508s2j2p46.cloudfront.net/system/spree/products/7780/product/sapphire-evil-eye-charm-cc.png?1559147153,70,mejuri.com/shop/products/evil-eye-charm-white-sapphire
264,Heart Charm,https://dto508s2j2p46.cloudfront.net/system/spree/products/7771/product/heart-charm-cc.png?1559146003,70,mejuri.com/shop/products/heart-charm-1
265,Hamsa Charm,https://dto508s2j2p46.cloudfront.net/system/spree/products/7770/product/hamsa-charm-cc.png?1559145962,75,mejuri.com/shop/products/hamsa-charm
266,Letter Charm,https://dto508s2j2p46.cloudfront.net/system/spree/products/7775/product/letter-charm-cc.png?1559146163,65,mejuri.com/shop/products/letter-charm
267,Engravable Charm,https://dto508s2j2p46.cloudfront.net/system/spree/products/7717/product/p052680_Engravable_Charm_YG_engraving_angle.png?1580762926,90,mejuri.com/shop/products/engravable-pendant
268,Engravable Bar Charm,https://dto508s2j2p46.cloudfront.net/system/spree/products/7714/product/p52505323_EngravableBarCharm_YG_engraving.png?1580763297,100,mejuri.com/shop/products/engravable-bar-charm
269,Chain Bracelet,https://dto508s2j2p46.cloudfront.net/system/spree/products/9783/product/p52705124_Chain_Bracelet_YG_TOP.png?1574585118,80,mejuri.com/shop/products/chain-bracelet
270,Spheres Bracelet,https://dto508s2j2p46.cloudfront.net/system/spree/products/9775/product/p052487_Spheres_Bracelet__YG_TOP.png?1574584733,130,mejuri.com/shop/products/spheres-bracelet
271,Bold Spheres Bracelet,https://dto508s2j2p46.cloudfront.net/system/spree/products/10036/product/p52506128_Bold_Spheres_Bracelet_YG_TOP-v2.png?1574716889,295,mejuri.com/shop/products/bold-spheres-bracelet
272,Boyfriend Bold Bracelet,https://dto508s2j2p46.cloudfront.net/system/spree/products/10037/product/p52506270_BoyfriendBoldBracelet_V2.png?1574716914,140,mejuri.com/shop/products/boyfriend-bold-bracelet
273,Herringbone Chain Bracelet,https://dto508s2j2p46.cloudfront.net/system/spree/products/10078/product/p52705614_FlatHerringboneBracelet_YG.png?1575066030,245,mejuri.com/shop/products/herringbone-chain-bracelet
274,Curb Bracelet,https://dto508s2j2p46.cloudfront.net/system/spree/products/9786/product/p52506307_Curb_Bracelet_YG_TOP.png?1574585275,215,mejuri.com/shop/products/curb-bracelet
275,Curb ID Bracelet,https://dto508s2j2p46.cloudfront.net/system/spree/products/9785/product/p52705150_Curb_ID_bracelet_YG_TOP.png?1574585216,240,mejuri.com/shop/products/curb-id-bracelet
276,Triple Beaded Chain Bracelet,https://dto508s2j2p46.cloudfront.net/system/spree/products/9784/product/p52705320_Triple_Beaded_Chain_Bracelet_YG_TOP.png?1574585165,250,mejuri.com/shop/products/triple-beaded-chain-bracelet
277,Engravable Bar Bracelet,https://dto508s2j2p46.cloudfront.net/system/spree/products/9778/product/p52505322_Engravable_Bar_Bracelet_YG_TOP.png?1574584869,190,mejuri.com/shop/products/engravable-bar-bracelet
278,Solo Diamond Bracelet,https://dto508s2j2p46.cloudfront.net/system/spree/products/9787/product/p52506268_Solo_Diamond_Bracelet_YG_TOP.png?1574585311,195,mejuri.com/shop/products/solo-diamond-bracelet
279,Mini Lotus Bracelet,https://dto508s2j2p46.cloudfront.net/system/spree/products/7705/product/mini-lotus-bracelet-cc_v2.png?1558535130,170,mejuri.com/shop/products/mini-lotus-bracelet
280,360 Bracelet,https://dto508s2j2p46.cloudfront.net/system/spree/products/9256/product/360_bracelet_14k.png?1572278884,145,mejuri.com/shop/products/360-bracelet
281,Blue Topaz Trio Bracelet,https://dto508s2j2p46.cloudfront.net/system/spree/products/10441/product/p52705851_GemstoneBracelet2BlueCluster_YG.png?1580244993,180,mejuri.com/shop/products/blue-topaz-trio-bracelet
282,White Sapphire Trio Bracelet,https://dto508s2j2p46.cloudfront.net/system/spree/products/10443/product/p52705853_GemstoneBracelet3WhiteCluster_YG.png?1580410741,200,mejuri.com/shop/products/white-sapphire-trio-bracelet
283,Tourmaline Trio Bracelet,https://dto508s2j2p46.cloudfront.net/system/spree/products/10442/product/p52705849_GemstoneBracelet1GreenCluster_YG.png?1580400586,180,mejuri.com/shop/products/tourmaline-trio-bracelet
284,Thin Bangle,https://dto508s2j2p46.cloudfront.net/system/spree/products/9281/product/Thin_Bangle-Relaunch-Closed?1572616727,325,mejuri.com/shop/products/thin-bangle
285,Bold Bangle,https://dto508s2j2p46.cloudfront.net/system/spree/products/9390/product/Bold_Bangle-Relaunch-Closed?1574175788,485,mejuri.com/shop/products/bold-bangle
286,Dôme Bracelet,https://dto508s2j2p46.cloudfront.net/system/spree/products/9797/product/Dome_Bracelet-Front.png?1574699059,95,mejuri.com/shop/products/dome-bracelet
287,Croissant Dôme Bracelet,https://dto508s2j2p46.cloudfront.net/system/spree/products/9791/product/Croissant_Vermeil_Bangle-Front.png?1574698854,105,mejuri.com/shop/products/croissant-dome-bracelet
288,Lotus Bracelet,https://dto508s2j2p46.cloudfront.net/system/spree/products/9774/product/p052455_Lotus_Bracelet__YG_TOP_OVERALL.png?1574584667,70,mejuri.com/shop/products/lotus-bracelet
289,Double Curb Chain Bracelet,https://dto508s2j2p46.cloudfront.net/system/spree/products/10082/product/p52705611_WiderDoubleCurbBracelet_V.png?1575066134,70,mejuri.com/shop/products/double-curb-chain-bracelet
290,Bold Link Chain Bracelet,https://dto508s2j2p46.cloudfront.net/system/spree/products/10087/product/p52705607_WiderBoyfriendBracelet_V.png?1575067263,60,mejuri.com/shop/products/bold-link-chain-bracelet
291,Sliding Spheres Bracelet,https://dto508s2j2p46.cloudfront.net/system/spree/products/10571/product/p52705835_SlidingSpheresBracelet_V_asymmetrical.png?1581116406,65,mejuri.com/shop/products/sliding-spheres-bracelet
292,Tarot Star Bracelet,https://dto508s2j2p46.cloudfront.net/system/spree/products/10411/product/p52705824_TarotStarBracelet_V_circlefront.png?1579637765,70,mejuri.com/shop/products/tarot-star-bracelet
293,Tarot Sun Bracelet,https://dto508s2j2p46.cloudfront.net/system/spree/products/10407/product/p52705827_TarotSunBracelet_V_circlefront.png?1579636687,70,mejuri.com/shop/products/tarot-sun-bracelet
294,Tarot Strength Bracelet,https://dto508s2j2p46.cloudfront.net/system/spree/products/10413/product/p52705830_TarotStrengthBracelet_V_circlefront.png?1579638174,70,mejuri.com/shop/products/tarot-strength-bracelet
295,Tarot Moon Bracelet,https://dto508s2j2p46.cloudfront.net/system/spree/products/10409/product/p52705821_TarotMoonBracelet_V_circlefront.png?1579637099,70,mejuri.com/shop/products/tarot-moon-bracelet
296,Oversized Organic Pearl Bracelet,https://dto508s2j2p46.cloudfront.net/system/spree/products/10197/product/p52705626_FullPearlsBracelet_V.png?1575585049,70,mejuri.com/shop/products/oversized-organic-pearls-bracelet
297,Layered Disc Bracelet,https://dto508s2j2p46.cloudfront.net/system/spree/products/10034/product/Moving_Oval_Bracelet2.png?1574716078,85,mejuri.com/shop/products/layered-disc-bracelet
298,Rolo Bracelet,https://dto508s2j2p46.cloudfront.net/system/spree/products/9780/product/p52505579_Rolo_Bracelet_YG_TOP.png?1574584985,60,mejuri.com/shop/products/rolo-bracelet
299,Chain Anklet,https://dto508s2j2p46.cloudfront.net/system/spree/products/9905/product/p52705077_Chain_Anklet_YG_TOP.png?1574629788,90,mejuri.com/shop/products/chain-anklet
300,Spheres Anklet,https://dto508s2j2p46.cloudfront.net/system/spree/products/9906/product/p52705078_Spheres_Anklet_YG_TOP.png?1574629811,140,mejuri.com/shop/products/spheres-anklet
301,Italic Cluster Ring,https://dto508s2j2p46.cloudfront.net/system/spree/products/9294/product/eEngmt2_Italic_Quintet_Peach_Morganite_Ring_YG_Raised.png?1572974764,695,mejuri.com/shop/products/italic-cluster-ring-peach
302,Linear Cluster Ring,https://dto508s2j2p46.cloudfront.net/system/spree/products/9307/product/eEngmt2_Serif_Quintet_Peach_Morganite_Ring_YG_Raised.png?1573001609,750,mejuri.com/shop/products/linear-cluster-ring-peach
303,Diamonds Cluster Ring,https://dto508s2j2p46.cloudfront.net/system/spree/products/9352/product/P52704563_DiamondClusterRing__YG_Over.png?1573490117,2150,mejuri.com/shop/products/diamonds-cluster-ring
304,Oval Cut Ring,https://dto508s2j2p46.cloudfront.net/system/spree/products/9331/product/P52704419_OvalCutPeachMorganiteRing__YG_Over.png?1573489547,675,mejuri.com/shop/products/oval-cut-ring-peach
305,Pear Cut Ring,https://dto508s2j2p46.cloudfront.net/system/spree/products/9344/product/P52704467_PearCutPeachMorganiteRing__YG_Over.png?1573489884,650,mejuri.com/shop/products/pear-cut-ring-peach
306,Round Cut Ring,https://dto508s2j2p46.cloudfront.net/system/spree/products/9347/product/P52704515_RoundCutPeachMorganiteRing__YG_Over.png?1573489934,950,mejuri.com/shop/products/round-cut-ring-peach
307,Men’s Diamond Band,https://dto508s2j2p46.cloudfront.net/system/spree/products/10363/product/p52705745_SquareProfilewithAccentStone_Thick_YG_front.png?1579118255,795,mejuri.com/shop/products/mens-diamond-band
308,Men’s Thin Diamond Band,https://dto508s2j2p46.cloudfront.net/system/spree/products/10361/product/p52705721_SquareProfilewithAccentStone_Thin_YG_front.png?1579118230,475,mejuri.com/shop/products/mens-thin-diamond-band
309,Men’s Band,https://dto508s2j2p46.cloudfront.net/system/spree/products/10367/product/p52705696_RoundwithComfortCurve_Thick_YG_front.png?1579118289,525,mejuri.com/shop/products/mens-band
310,Men’s Thin Band,https://dto508s2j2p46.cloudfront.net/system/spree/products/10371/product/p52705672_RoundwithComfortCurve_Thin_YG_front.png?1579118317,375,mejuri.com/shop/products/mens-thin-band
311,Small + Between + Large Hoops,https://dto508s2j2p46.cloudfront.net/system/spree/products/10123/product/small_between_large_hoops_copy.png?1575323564,180,mejuri.com/shop/products/small-between-large-hoops
312,Sphere Studs + Small Hoops,https://dto508s2j2p46.cloudfront.net/system/spree/products/10124/product/sphere_studs___hoops.png?1575408855,90,mejuri.com/shop/products/sphere-studs-small-hoops
313,Twin Hoops + Essential Cuff,https://dto508s2j2p46.cloudfront.net/system/spree/products/10125/product/twin_hoop___essential_cuf.png?1575323642,200,mejuri.com/shop/products/twin-hoops-essential-cuff
314,Curb Necklace + Diamond Necklace,https://dto508s2j2p46.cloudfront.net/system/spree/products/10076/product/Holiday_Set_4_necklaces_curb___diamond.png?1575058938,540,mejuri.com/shop/products/curb-necklace-diamond-necklace
315,Bold Spheres Necklace + Single Sphere Necklace,https://dto508s2j2p46.cloudfront.net/system/spree/products/10091/product/Holiday_Set_5_YG_necklaces_1_0940_R1.png?1575406356,290,mejuri.com/shop/products/bold-spheres-necklace-single-sphere-necklace
316,Layered Moon Necklace + Sun Necklace,https://dto508s2j2p46.cloudfront.net/system/spree/products/10095/product/Holiday_Set_2_necklaces_layered_moon___sun.png?1575307863,130,mejuri.com/shop/products/layered-moon-necklace-sun-necklace
317,Sapphire Choker + Iris Medallion,https://dto508s2j2p46.cloudfront.net/system/spree/products/10104/product/Holiday_Set_1_necklaces_sapphire_choker___iris_medallion.png?1575308533,105,mejuri.com/shop/products/sapphire-choker-iris-medallion
318,Spheres Bracelet + Bold Spheres Bracelet,https://dto508s2j2p46.cloudfront.net/system/spree/products/10108/product/Holiday_Set_8_YG_Bracelets_1_0969_R1.png?1575406450,400,mejuri.com/shop/products/spheres-bracelet-bold-spheres-bracelet
319,Solo Diamond Bracelet + Bold Spheres Bracelet,https://dto508s2j2p46.cloudfront.net/system/spree/products/10623/product/SoloDiamond_BoldSpheres_Bracelets_YG.png?1582211942,460,mejuri.com/shop/products/solo-diamond-bracelet-bold-spheres-bracelet
320,Dôme Bracelet + Croissant Dôme Bracelet,https://dto508s2j2p46.cloudfront.net/system/spree/products/10122/product/Croissant___Dome_Bracelet.png?1575323500,180,mejuri.com/shop/products/dome-bracelet-croissant-dome-bracelet
321,Slim Signet Ring,https://dto508s2j2p46.cloudfront.net/system/spree/products/9505/product/p52705071_Slim_Signet_Ring_YG_Front.png?1574472291,170,mejuri.com/shop/products/slim-signet-ring
322,Signet Ring,https://dto508s2j2p46.cloudfront.net/system/spree/products/9578/product/p52505329_Signet_Ring_YG_Front.png?1574535336,190,mejuri.com/shop/products/signet-ring
323,Mini Signet Ring,https://dto508s2j2p46.cloudfront.net/system/spree/products/9580/product/p052726_Mini_Signet_Ring_YG_Front.png?1574535425,170,mejuri.com/shop/products/mini-signet-ring
324,Square Signet,https://dto508s2j2p46.cloudfront.net/system/spree/products/10068/product/square-signet-ring-side-cc.png?1574809664,245,mejuri.com/shop/products/square-signet
325,Mini Square Signet,https://dto508s2j2p46.cloudfront.net/system/spree/products/10069/product/squaresignet-gold-MINI-side.png?1574809841,215,mejuri.com/shop/products/mini-square-signet
326,Enamel Square Signet Silver,https://dto508s2j2p46.cloudfront.net/system/spree/products/6459/product/squaresignet-blackenamel-silver.png?1549291061,65,mejuri.com/shop/products/enamel-square-signet-silver
327,Star Signet,https://dto508s2j2p46.cloudfront.net/system/spree/products/10033/product/p52505353_StarSignetRing_YG_front-v2.png?1574716077,60,mejuri.com/shop/products/star-signet
328,Honey Mini Signet,https://dto508s2j2p46.cloudfront.net/system/spree/products/10031/product/p52704666_Honey_Signet_YG_Front.png?1574715889,50,mejuri.com/shop/products/honey-signet
329,Travel Case,https://dto508s2j2p46.cloudfront.net/system/spree/products/10048/product/p52506296_TravelCase_closed.png?1574720943,85,mejuri.com/shop/products/travel-case-beige
330,Jewelry Box,https://dto508s2j2p46.cloudfront.net/system/spree/products/8208/product/p52705058_JewelryBoxBeige_openfull.png?1574720935,150,mejuri.com/shop/products/jewelry-box-beige
